id;name;date_of_birth;relation;address_id;is_employed;employed_at;employee_id;company_id;status;last_modified;last_modified_by
1;User;2023-06-12;Loan circuit;47645;false;Account;24042;65982;up collaboration;2023-06-11T21:19:25;benchmark
2;turquoise;2023-06-11;circuit;48065;false;Supervisor Avon;49076;50864;Home Specialist;2023-06-11T23:20:32;attitude-oriented tolerance
3;Salad Manager protocol;2023-06-11;Research Fantastic;40638;false;Tuna;96085;95160;Factors deposit services;2023-06-11T13:51:41;Island Lithuanian
4;silver Automotive;2023-06-11;grow;60040;false;sensor blue;25338;20496;GB turquoise strategic;2023-06-12T06:02:51;Salad
5;Bangladesh capacitor;2023-06-12;user-facing;70297;false;synthesize composite;71242;49779;Dollar Vision-oriented Personal;2023-06-12T03:07:07;Organized Missouri
6;Steel Towels Plastic;2023-06-12;pixel capacitor teal;58875;false;International Auto Customer;22790;45867;Austria Account;2023-06-11T16:37:11;Chief Bacon Sports
7;implement;2023-06-12;Buckinghamshire;54389;true;Assurance XML copying;69225;17753;composite Silver;2023-06-12T04:41:25;Plastic
8;Account Metrics;2023-06-11;Guilder;48272;true;face;35200;47655;Programmable Sausages HDD;2023-06-11T16:12:34;Delaware Cotton Granite
9;Drives Borders proactive;2023-06-11;salmon;44228;false;deposit;20759;88514;Tuna Colorado;2023-06-12T04:41:53;Malta Chicken generate
10;auxiliary;2023-06-12;maximize compress;14911;true;Indiana;57249;51754;initiatives Loan;2023-06-11T13:46:36;payment
